<?xml version="1.0" encoding="utf-8"?>
	<!--
		/** * Websein Directory Manager (WbsDirMgr) Copyright (C) 2010
		Benjamin Jacob websein UG * * This file is part of Websein Directory
		Manager (WbsDirMgr) * * Websein Directory Manager (WbsDirMgr) is free
		software: you can redistribute it and/or modify * it under the terms
		of the GNU General Public License as published by * the Free Software
		Foundation, either version 3 of the License, or * (at your option) any
		later version. * * Websein Directory Manager (WbsDirMgr) is
		distributed in the hope that it will be useful, * but WITHOUT ANY
		WARRANTY; without even the implied warranty of * MERCHANTABILITY or
		FITNESS FOR A PARTICULAR PURPOSE. See the * GNU General Public License
		for more details. * * You should have received a copy of the GNU
		General Public License * along with Websein Directory Manager
		(WbsDirMgr). If not, see <http://www.gnu.org/licenses/>. * * @link
		http://www.websein.com * @license GNU/GPL * @author Benjamin Jacob *
		*/
	-->
<install type="component" version="1.5.0">
	<name>wbsdirmgr</name>
	<author>Benjamin Jacob</author>
	<authorEmail>support@websein.com</authorEmail>
	<authorUrl>www.websein.com</authorUrl>
	<copyright>Copyright (C) 2010</copyright>
	<license>GPL 3</license>
	<version>0.0.3</version>
	<description><![CDATA[
		<h1>Websein Directory Manager</h1>
		<p>Websein Directory Manager allows to manage directories and files from frontend</p>
		<h2>Changelog:</h2>
		<b>0.0.3</b>
		<pre>
			* fixed some bugs with the public frontend role 
			* modded style 
			* added simple image gallery output
		</pre>
		<b>0.0.2</b>
		<pre>
			* fixed some alt tags for links 
			* changed rename image
		</pre>
		<b>0.0.1</b>
		<pre>
			
			* initial Version						
		</pre>	
	]]></description>
	<files folder="site">
		<filename>index.html</filename>
		<filename>wbsdirmgr.php</filename>
		<filename>lib/wbsdirmgrlib.php</filename>
		<filename>views/index.html</filename>
		<filename>views/wbsdirmgr/index.html</filename>
		<filename>views/wbsdirmgr/tmpl/default_toolbar.php</filename>
		<filename>views/wbsdirmgr/tmpl/default.xml</filename>
		<filename>views/wbsdirmgr/tmpl/default_file.php</filename>
		<filename>views/wbsdirmgr/tmpl/index.html</filename>
		<filename>views/wbsdirmgr/tmpl/default_folder.php</filename>
		<filename>views/wbsdirmgr/tmpl/default.php</filename>
		<filename>views/wbsdirmgr/tmpl/default_upload.php</filename>
		<filename>views/wbsdirmgr/view.html.php</filename>
		<filename>views/wbsdirout/index.html</filename>
		<filename>views/wbsdirout/tmpl/default.xml</filename>
		<filename>views/wbsdirout/tmpl/index.html</filename>
		<filename>views/wbsdirout/tmpl/default.php</filename>
		<filename>views/wbsdirout/tmpl/default_jsout.php</filename>
		<filename>views/wbsdirout/view.html.php</filename>
		<filename>lang/de-DE.com_wbsdirmgr.ini</filename>
		<filename>js/wbsdirmgr.js</filename>
		<filename>js/jquery-1.4.2.min.js</filename>
		<filename>css/index.html</filename>
		<filename>css/wbsdirmgr.css</filename>
		<filename>controller.php</filename>
		<filename>img/icons/btn_donateCC_LG.gif</filename>
		<filename>img/icons/null.gif</filename>
		<filename>img/icons/folder.png</filename>
		<filename>img/icons/htm.png</filename>
		<filename>img/icons/mpeg.png</filename>
		<filename>img/icons/mpg.png</filename>
		<filename>img/icons/upperdir.png</filename>
		<filename>img/icons/exe.png</filename>
		<filename>img/icons/txt.png</filename>
		<filename>img/icons/index.html</filename>
		<filename>img/icons/log_not_found.png</filename>
		<filename>img/icons/tar.png</filename>
		<filename>img/icons/mp3.png</filename>
		<filename>img/icons/js.png</filename>
		<filename>img/icons/png.png</filename>
		<filename>img/icons/arrow_up.png</filename>
		<filename>img/icons/xml.png</filename>
		<filename>img/icons/sql.png</filename>
		<filename>img/icons/skp.png</filename>
		<filename>img/icons/pdf.png</filename>
		<filename>img/icons/addfolder.png</filename>
		<filename>img/icons/dxf.png</filename>
		<filename>img/icons/log_disabled.png</filename>
		<filename>img/icons/info.png</filename>
		<filename>img/icons/css.png</filename>
		<filename>img/icons/tick.png</filename>
		<filename>img/icons/unknown.png</filename>
		<filename>img/icons/gif.png</filename>
		<filename>img/icons/jsmallsoftware.png</filename>
		<filename>img/icons/psd.png</filename>
		<filename>img/icons/doc.png</filename>
		<filename>img/icons/dwg.png</filename>
		<filename>img/icons/ppt.png</filename>
		<filename>img/icons/html.png</filename>
		<filename>img/icons/jpeg.png</filename>
		<filename>img/icons/tif.png</filename>
		<filename>img/icons/zip.png</filename>
		<filename>img/icons/rename.png</filename>
		<filename>img/icons/addfile.png</filename>
		<filename>img/icons/log_found.png</filename>
		<filename>img/icons/xls.png</filename>
		<filename>img/icons/arrow_down.png</filename>
		<filename>img/icons/delete.png</filename>
		<filename>img/icons/jpg.png</filename>
		<filename>img/icons/gz.png</filename>
		<filename>img/icons/bmp.png</filename>
		<filename>img/icons/warning.png</filename>
		<filename>img/icons/arrow_right.png</filename>
		<filename>img/icons/xsl.png</filename>
		<filename>models/index.html</filename>
		<filename>models/wbsdirmgr.php</filename>
		<filename>models/access.php</filename>
	</files>
	<languages folder="site/lang">
		<language tag="de-DE">de-DE.com_wbsdirmgr.ini</language>
	</languages>
	<administration>
		<menu>Websein Directory Manager</menu>
		<languages folder="admin/lang">
			<language tag="de-DE">de-DE.com_wbsdirmgr.ini</language>
		</languages>
		<files folder="admin">
			<filename>index.html</filename>
			<filename>wbsdirmgr.php</filename>
			<filename>config.xml</filename>
			<filename>views/index.html</filename>
			<filename>views/wbsdirmgr/index.html</filename>
			<filename>views/wbsdirmgr/tmpl/default.xml</filename>
			<filename>views/wbsdirmgr/tmpl/index.html</filename>
			<filename>views/wbsdirmgr/tmpl/default.php</filename>
			<filename>views/wbsdirmgr/view.html.php</filename>
			<filename>controller.php</filename>
		</files>
	</administration>


</install>